Steven <steven.buss@gmail.com>
Dave Peticolas <dave@krondo.com>
Thomas Kho <tom@hioscar.com>
Wojciech Zając <wojciech.zajac@tirasu.com>
Lucas Wiman <lucas.wiman@gmail.com>
S.Lott <slott56@gmail.com>
Cloud Cray <cloudcray@gmail.com>
